token,freq,status
good,24888,keep
product,23072,keep
the,17651,keep
is,14518,english
and,14480,keep
quality,11021,keep
it,10810,keep
very,10655,keep
to,8109,keep
but,7344,english
this,7312,keep
seller,6934,english
thanks,6856,english
for,6742,keep
valo,6552,mapped
daraz,6479,keep
in,6452,keep
was,6397,english
not,5657,keep
nice,5474,keep
price,5274,mapped
as,4912,keep
delivery,4897,keep
you,4570,keep
of,4327,keep
with,4255,keep
so,3838,english
ta,3591,mapped
satisfied,3429,english
recommended,3377,english
my,3207,keep
thank,3097,english
time,2961,keep
same,2892,keep
best,2725,keep
on,2481,keep
it's,2444,english
received,2414,english
also,2294,english
order,2192,english
really,2160,english
products,2153,keep
from,2089,keep
original,2087,keep
are,2076,english
onek,2060,mapped
packaging,2052,keep
great,2000,keep
one,1996,keep
service,1936,english
fast,1908,keep
na,1856,mapped
got,1850,unreviewed
recommend,1832,english
like,1832,english
all,1827,keep
onk,1789,mapped
its,1783,keep
much,1780,english
me,1763,english
am,1752,english
khub,1735,mapped
have,1727,keep
buy,1721,keep
use,1714,keep
picture,1713,english
alhamdulillah,1683,mapped
excellent,1674,keep
watch,1671,keep
just,1628,keep
that,1603,english
well,1592,keep
bad,1585,english
they,1540,english
er,1528,mapped
size,1498,keep
paren,1497,mapped
at,1404,keep
happy,1400,keep
sound,1398,keep
highly,1395,keep
can,1371,keep
chilo,1356,mapped
amazing,1354,english
working,1333,english
nite,1328,mapped
will,1312,keep
awesome,1311,keep
be,1300,english
vlo,1248,mapped
love,1230,keep
too,1229,english
perfect,1206,mapped
delivered,1167,english
after,1149,keep
overall,1125,english
ok,1121,english
ordered,1101,english
no,1058,keep
experience,1027,keep
or,1018,keep
pickaboo,1010,keep
days,992,keep
authentic,961,english
fresh,957,keep
money,948,keep
shown,945,english
hai,944,unreviewed
sundor,924,mapped
packing,923,english
more,904,english
thik,892,mapped
than,877,english
beautiful,872,keep
kore,867,mapped
i'm,858,english
condition,852,keep
ami,850,mapped
only,824,keep
if,795,keep
ar,792,mapped
fine,785,english
low,778,keep
color,731,mapped
small,727,keep
review,718,english
using,691,english
colour,686,mapped
better,680,keep
item,676,english
get,674,keep
any,668,keep
poor,660,english
everything,656,english
first,655,keep
valoi,655,mapped
nai,653,mapped
within,647,english
purchase,643,english
ha,638,mapped
light,635,mapped
dam,635,mapped
again,629,english
has,628,english
by,627,keep
works,613,english
box,612,keep
kom,608,mapped
looks,606,english
he,600,keep
jonno,599,mapped
your,594,keep
bag,590,keep
battery,586,keep
tv,585,keep
tnx,584,mapped
gift,580,keep
work,579,keep
akta,578,mapped
used,577,english
what,561,english
ki,561,mapped
bit,558,keep
up,555,keep
don't,555,english
packed,553,english
should,547,english
there,544,english
which,540,english
loved,532,english
reasonable,530,english
cilo,525,mapped
now,525,english
little,523,english
free,521,keep
range,518,english
sobai,512,mapped
sob,511,mapped
these,509,english
day,508,keep
din,507,mapped
them,505,english
pic,505,keep
man,504,keep
card,503,keep
totally,503,english
fully,501,english
peyechi,500,mapped
super,496,keep
achi,496,mapped
tk,494,mapped
an,492,english
expected,492,english
long,491,keep
would,486,english
bought,478,english
high,475,keep
such,475,english
comfortable,470,keep
enough,469,english
silo,467,mapped
even,462,english
about,459,english
warranty,456,keep
value,455,keep
always,453,english
genuine,450,english
other,449,keep
when,447,english
were,447,english
parcel,445,mapped
problem,439,mapped
charge,439,keep
cute,439,mapped
ase,438,mapped
theke,435,mapped
amar,435,mapped
ache,434,mapped
useful,433,keep
date,432,keep
give,431,english
apnara,430,mapped
disappointed,430,english
ekta,427,mapped
average,423,english
their,419,english
had,417,english
shoes,405,keep
send,404,english
quick,404,keep
tai,402,mapped
some,402,english
cheap,402,english
okay,401,english
see,397,english
ei,395,mapped
por,395,mapped
then,390,english
lot,389,unreviewed
jemon,388,mapped
wow,383,english
without,381,keep
thing,381,english
bhalo,381,mapped
worth,381,english
return,379,english
kono,373,mapped
before,373,english
think,373,english
been,368,english
looking,365,keep
phone,364,keep
late,364,mapped
shop,364,keep
how,364,english
market,361,english
ni,361,mapped
kintu,357,mapped
out,357,english
pretty,353,unreviewed
hi,353,keep
because,350,english
broken,345,english
temon,342,mapped
amr,341,mapped
look,341,keep
black,336,keep
want,335,english
material,333,keep
seems,333,english
sent,330,english
do,329,english
didn't,329,english
ai,329,unreviewed
according,327,english
far,325,english
please,323,english
soft,323,mapped
hope,320,english
came,320,english
bht,320,mapped
hain,319,unreviewed
hoy,318,mapped
speed,318,keep
full,317,keep
nd,317,keep
everyone,316,english
stuff,316,english
easy,316,keep
side,312,keep
star,311,keep
per,311,keep
paisi,310,mapped
two,308,keep
still,308,keep
customer,307,english
budget,307,keep
need,307,keep
perfectly,307,english
package,306,keep
ke,306,mapped
quite,305,english
kora,305,mapped
new,303,keep
ektu,303,mapped
premium,299,keep
month,298,mapped
moto,296,mapped
receive,295,english
bhi,295,unreviewed
waste,294,keep
acha,294,mapped
over,293,english
kg,293,keep
fan,292,keep
baje,290,mapped
korar,289,mapped
tha,289,unreviewed
onak,288,mapped
different,288,keep
properly,287,english
keep,286,english
both,286,keep
jinis,286,mapped
made,286,keep
hy,285,unreviewed
say,284,unreviewed
found,277,english
months,274,keep
beshi,274,mapped
response,272,english
exactly,272,english
store,271,keep
described,271,english
mone,270,mapped
ato,269,mapped
satisfactory,269,english
many,269,english
we,267,english
plastic,264,keep
timely,264,english
design,263,keep
charging,262,keep
doesn't,262,english
giving,261,english
chaile,260,mapped
take,259,mapped
tobe,259,mapped
khubi,259,mapped
stars,259,english
vai,258,mapped
liked,258,english
deal,253,english
fit,253,keep
right,252,keep
jay,251,mapped
kharap,251,mapped
less,250,keep
deliver,250,english
shirt,250,keep
performance,247,keep
diye,247,mapped
paici,247,mapped
ever,247,english
choto,244,mapped
taka,243,mapped
issue,243,english
kaj,242,mapped
aro,242,mapped
build,241,unreviewed
allah,240,keep
last,239,english
online,239,keep
team,239,keep
cool,239,keep
otherwise,238,english
pictures,238,keep
vegetables,238,unreviewed
could,236,english
gb,235,keep
buying,235,english
fabric,235,keep
though,234,english
anyone,234,english
back,234,keep
hole,234,keep
dise,233,mapped
normal,233,english
ka,233,unreviewed
weight,233,keep
balo,232,mapped
tar,232,mapped
hours,231,keep
aktu,231,mapped
smell,231,english
gula,230,mapped
every,230,english
fake,229,keep
te,228,mapped
book,228,keep
next,226,english
besi,224,mapped
se,224,mapped
does,223,unreviewed
bass,221,keep
eta,219,mapped
worst,219,english
blue,219,keep
shopping,218,keep
brand,218,keep
lights,218,keep
hoto,217,mapped
cable,217,keep
installation,216,keep
hobe,216,mapped
second,216,keep
hoye,215,mapped
why,214,english
today,212,english
bohat,212,unreviewed
kori,211,mapped
wonderful,209,english
ata,209,mapped
description,209,english
can't,208,english
definitely,207,english
sathe,207,mapped
arrived,207,english
hoise,206,mapped
big,204,keep
bar,202,keep
almost,201,english
took,201,english
must,200,keep
hoi,200,mapped
helpful,200,english
faltu,199,mapped
ti,199,mapped
ho,199,unreviewed
device,198,keep
make,198,keep
pore,198,mapped
damaged,198,english
support,198,keep
shundor,198,mapped
did,197,unreviewed
damage,197,keep
hair,197,keep
rider,196,keep
know,196,english
ac,196,keep
shampoo,196,keep
akdom,195,mapped
discount,194,english
water,193,keep
however,193,english
backup,192,keep
thak,191,mapped
bt,191,keep
packet,191,mapped
items,191,english
extra,191,keep
nhi,191,unreviewed
hate,190,mapped
white,190,keep
remote,189,keep
behaviour,188,english
kub,188,mapped
motamoti,187,mapped
jai,187,mapped
off,187,keep
that's,187,english
joss,186,mapped
gd,185,mapped
yet,185,english
hard,185,mapped
top,185,keep
handfree,185,english
who,184,english
boro,184,mapped
red,184,keep
few,184,english
bottle,184,keep
provide,183,english
pelam,183,mapped
short,183,keep
wrong,182,english
jinish,181,mapped
nicely,181,unreviewed
korte,180,mapped
rate,179,keep
fantastic,179,english
given,177,unreviewed
may,175,english
while,175,english
nosto,174,unreviewed
asa,173,mapped
ek,173,unreviewed
mouse,173,keep
intact,172,unreviewed
ye,172,unreviewed
pack,171,keep
ma,171,unreviewed
expect,171,unreviewed
bags,171,keep
shipping,170,unreviewed
gave,170,unreviewed
dhonnobad,170,mapped
real,169,keep
another,169,english
never,168,english
jo,168,unreviewed
check,167,keep
purchased,167,unreviewed
gulo,166,mapped
cover,165,keep
eto,165,mapped
baby,165,keep
way,163,keep
strong,163,mapped
go,162,keep
mentioned,162,unreviewed
dilam,162,mapped
change,161,unreviewed
tik,161,mapped
clear,160,keep
smooth,160,keep
job,160,unreviewed
ak,159,keep
year,159,keep
slow,159,keep
kapor,159,keep
dont,158,unreviewed
taste,158,keep
smart,157,keep
draz,157,unreviewed
local,157,keep
timing,157,unreviewed
je,156,mapped
haier,156,keep
here,155,english
call,154,keep
set,154,keep
advertised,153,unreviewed
inside,153,unreviewed
system,153,keep
handsfree,153,unreviewed
superb,152,keep
hand,152,keep
absolutely,152,unreviewed
thi,152,unreviewed
boht,152,unreviewed
behavior,151,unreviewed
kotha,150,unreviewed
providing,150,unreviewed
try,149,unreviewed
st,149,keep
life,148,keep
thnx,148,mapped
kichu,148,mapped
asha,147,mapped
ekdom,147,mapped
peyesi,147,mapped
sellar,147,unreviewed
tao,147,mapped
quickly,147,unreviewed
thought,146,unreviewed
piece,146,keep
motamuti,146,mapped
jabe,145,mapped
most,145,keep
ja,145,unreviewed
point,145,unreviewed
th,145,keep
nahi,145,mapped
soo,144,unreviewed
power,144,keep
chole,143,mapped
app,143,keep
compared,143,unreviewed
decent,143,unreviewed
extremely,143,unreviewed
lagse,143,mapped
don,142,unreviewed
ace,142,mapped
she,141,english
people,141,keep
expiry,140,unreviewed
fragrance,140,english
already,139,english
main,139,unreviewed
offer,138,unreviewed
person,137,keep
colors,137,keep
kew,136,unreviewed
nita,136,mapped
home,136,keep
trusted,136,unreviewed
show,136,keep
face,136,keep
wanted,136,unreviewed
honest,136,unreviewed
koi,136,unreviewed
kisu,135,mapped
class,135,keep
times,135,unreviewed
achy,135,unreviewed
orginal,134,unreviewed
useless,134,unreviewed
easily,134,unreviewed
tnq,132,unreviewed
sending,132,unreviewed
missing,132,english
skin,132,keep
care,132,keep
safe,131,keep
i've,131,unreviewed
print,131,keep
potatoes,131,unreviewed
dite,130,unreviewed
dame,130,mapped
things,130,unreviewed
peyeci,130,mapped
gese,130,mapped
wash,130,keep
display,129,keep
services,129,unreviewed
available,129,unreviewed
cooperative,129,unreviewed
oil,129,keep
regular,128,keep
kind,128,keep
come,128,unreviewed
recieved,128,unreviewed
rd,128,unreviewed
done,127,english
feel,127,unreviewed
plz,126,mapped
bluetooth,126,keep
photo,125,keep
pc,125,keep
hn,125,unreviewed
paran,124,unreviewed
future,124,keep
week,124,keep
kam,124,unreviewed
thake,123,mapped
said,123,keep
charger,123,keep
air,123,keep
jmn,123,unreviewed
mark,122,keep
guys,122,unreviewed
expensive,122,english
lage,122,mapped
bilkul,122,unreviewed
company,121,unreviewed
mobile,121,keep
feels,121,unreviewed
finishing,121,unreviewed
cheez,121,unreviewed
bangladesh,120,keep
mashallah,120,mapped
paichi,120,mapped
although,120,english
us,120,english
sure,120,unreviewed
old,120,keep
peye,120,unreviewed
controller,120,keep
alu,120,unreviewed
dekhe,119,mapped
total,119,keep
wear,119,keep
dekha,118,mapped
bhai,118,mapped
paise,118,mapped
due,117,english
vhalo,117,mapped
didn,117,unreviewed
responsive,117,unreviewed
khob,117,unreviewed
tried,117,unreviewed
voice,116,keep
body,115,keep
vloi,115,mapped
type,115,keep
going,114,unreviewed
cheaper,114,unreviewed
niye,114,unreviewed
thankyou,114,unreviewed
help,114,unreviewed
considering,114,unreviewed
led,114,keep
clean,114,keep
brush,114,keep
onno,113,unreviewed
connect,113,unreviewed
holo,113,mapped
anything,113,english
hoice,113,mapped
shob,113,mapped
abar,113,mapped
belt,113,keep
safely,112,unreviewed
speaker,112,keep
korbo,112,mapped
mic,112,keep
room,112,keep
quantity,112,unreviewed
earphone,112,keep
t-shirt,112,keep
chain,112,keep
half,112,keep
actually,111,unreviewed
provided,111,unreviewed
nothing,111,english
official,110,keep
open,110,keep
around,110,english
impressive,110,unreviewed
paper,109,keep
pai,109,mapped
korlam,109,mapped
instead,109,unreviewed
korle,109,mapped
others,109,english
hisebe,108,unreviewed
cost,108,english
heavy,108,mapped
cap,108,keep
till,107,unreviewed
bebohar,107,mapped
soon,107,unreviewed
pink,107,keep
nah,106,mapped
comes,106,keep
expectations,105,unreviewed
length,105,keep
years,105,keep
friendly,104,keep
goods,104,unreviewed
samsung,104,keep
compare,104,unreviewed
find,103,english
option,103,keep
saller,103,unreviewed
number,103,keep
car,103,keep
sy,103,unreviewed
hoyeche,102,unreviewed
usb,102,keep
mota,102,mapped
during,102,english
dress,102,keep
affordable,102,unreviewed
page,102,keep
proper,101,unreviewed
deyar,101,unreviewed
accurate,101,unreviewed
outstanding,101,unreviewed
dekhi,101,unreviewed
onujai,101,unreviewed
tmn,101,unreviewed
trust,101,unreviewed
weeks,101,english
vabe,101,unreviewed
left,101,keep
im,101,unreviewed
pathetic,101,unreviewed
video,100,keep
large,100,keep
rs,100,keep
bhot,100,unreviewed
android,99,keep
dewar,99,unreviewed
refund,99,english
thanx,99,unreviewed
thin,99,keep
aita,99,mapped
aur,99,unreviewed
bd,98,english
lower,98,keep
copy,98,english
doubt,98,unreviewed
those,98,english
button,98,keep
moddhe,98,mapped
caile,98,mapped
exact,98,unreviewed
running,98,keep
base,98,keep
camera,97,keep
nei,97,mapped
installed,97,unreviewed
since,97,english
ap,97,keep
akhon,96,mapped
age,96,mapped
selar,96,unreviewed
disappointing,96,unreviewed
baki,96,unreviewed
specially,96,unreviewed
ear,96,keep
kids,96,keep
ya,96,unreviewed
ko,96,unreviewed
kr,96,keep
issues,95,unreviewed
asked,95,unreviewed
hisabe,95,unreviewed
prices,95,unreviewed
screen,94,keep
laglo,94,mapped
something,94,english
impressed,94,unreviewed
sellers,94,unreviewed
scratches,94,unreviewed
dey,93,unreviewed
airpods,93,keep
our,92,keep
bole,92,mapped
gionee,92,unreviewed
ordering,91,unreviewed
suggest,91,unreviewed
choice,91,keep
lovely,91,unreviewed
nh,91,unreviewed
mil,91,unreviewed
needs,91,keep
daraj,91,unreviewed
headphones,91,keep
wife,90,unreviewed
satisfying,90,unreviewed
completely,90,unreviewed
headphone,89,keep
onujayi,89,unreviewed
cream,89,keep
sorry,88,english
wire,88,keep
worked,88,english
bubble,88,keep
space,88,keep
three,87,keep
appreciate,87,unreviewed
case,87,keep
satisfy,87,unreviewed
once,87,english
fraud,87,unreviewed
smaller,87,unreviewed
glasses,87,keep
gaming,86,keep
wasn't,86,unreviewed
wallet,86,keep
result,86,unreviewed
music,86,keep
durable,86,keep
kia,86,unreviewed
kinte,85,unreviewed
hour,85,english
built,85,keep
dekhte,85,mapped
play,85,keep
laptop,85,keep
reviewing,85,unreviewed
features,84,keep
jeta,84,mapped
i'll,84,unreviewed
chat,84,unreviewed
somoy,84,unreviewed
isn't,84,unreviewed
put,84,english
xl,84,keep
potato,84,keep
diya,83,unreviewed
told,83,unreviewed
improve,83,keep
vaiya,83,unreviewed
expectation,83,unreviewed
glass,83,keep
pieces,83,keep
let's,83,unreviewed
rokom,83,unreviewed
volume,83,keep
boy,83,keep
ml,83,keep
through,82,english
jak,82,unreviewed
write,82,unreviewed
storage,82,keep
doesn,82,unreviewed
mart,82,keep
handy,82,keep
dile,81,unreviewed
needed,81,unreviewed
mini,81,keep
else,81,english
pics,81,keep
medium,81,keep
carry,81,keep
shoe,81,keep
request,80,unreviewed
luck,80,unreviewed
sale,80,unreviewed
tell,80,unreviewed
getting,80,unreviewed
green,80,keep
making,80,keep
kharab,80,unreviewed
darun,79,mapped
voucher,79,unreviewed
ram,79,keep
recomended,79,unreviewed
dark,79,keep
jamon,79,unreviewed
each,79,english
expecting,79,unreviewed
diyeche,79,unreviewed
inch,79,keep
glow,79,keep
him,78,english
oder,78,mapped
tara,78,unreviewed
taratari,78,mapped
gives,78,unreviewed
part,78,keep
noise,78,keep
pailam,77,mapped
pcs,77,keep
nilam,77,mapped
add,77,unreviewed
jodi,77,mapped
sha,77,unreviewed
saler,77,unreviewed
results,77,unreviewed
lasting,77,keep
powder,77,keep
saree,77,keep
delivering,76,unreviewed
customers,76,unreviewed
packaged,76,unreviewed
complain,76,unreviewed
returned,76,english
sticker,76,keep
colours,76,unreviewed
tamon,76,unreviewed
ball,76,keep
board,76,keep
third,76,english
effective,76,unreviewed
awaz,76,unreviewed
raha,76,unreviewed
place,75,unreviewed
sir,75,unreviewed
korsi,75,mapped
game,75,keep
yes,75,keep
legeche,75,unreviewed
single,75,keep
sell,75,unreviewed
thy,75,unreviewed
wo,75,unreviewed
aya,75,unreviewed
touch,74,keep
youtube,74,keep
deya,74,mapped
wall,74,keep
makes,74,unreviewed
where,74,english
stick,74,keep
expired,74,unreviewed
kiya,74,unreviewed
night,73,keep
dei,73,unreviewed
seen,73,unreviewed
worthy,73,unreviewed
kajer,73,mapped
loose,73,keep
amake,73,mapped
patla,73,mapped
special,72,keep
porjonto,72,mapped
eita,72,mapped
key,72,keep
amount,72,english
plus,72,keep
shobai,72,mapped
wise,72,english
cards,72,keep
his,71,english
control,71,keep
kno,71,unreviewed
uchit,71,unreviewed
maner,71,unreviewed
complete,71,keep
sounds,71,unreviewed
gorgeous,71,keep
paid,70,unreviewed
pabo,70,mapped
level,70,keep
process,70,unreviewed
dice,70,mapped
sondor,70,unreviewed
strongly,70,unreviewed
shape,70,keep
der,70,unreviewed
ghori,70,unreviewed
awsome,69,unreviewed
ne,69,unreviewed
zabardast,69,unreviewed
earphones,68,keep
bro,68,unreviewed
fitting,68,english
standard,68,keep
dolna,68,keep
aik,68,unreviewed
actual,67,unreviewed
korse,67,mapped
prize,67,unreviewed
selling,67,unreviewed
test,67,keep
pochondo,67,unreviewed
purpose,67,keep
started,67,unreviewed
pay,67,unreviewed
apnader,66,mapped
read,66,unreviewed
adapter,66,keep
install,66,unreviewed
user,66,keep
wireless,66,keep
besh,66,mapped
halka,66,unreviewed
reliable,66,keep
dewa,66,unreviewed
shows,66,unreviewed
pleased,66,unreviewed
sa,66,unreviewed
machine,66,keep
honey,66,keep
maybe,65,unreviewed
faulty,65,unreviewed
update,65,keep
pair,65,keep
model,65,keep
china,65,keep
defective,65,unreviewed
data,65,keep
korechi,65,mapped
able,65,unreviewed
wish,65,unreviewed
soto,65,unreviewed
higher,64,unreviewed
won't,64,unreviewed
kmn,64,unreviewed
jara,64,unreviewed
router,64,keep
bed,64,keep
reviews,64,english
watches,64,keep
sotti,64,mapped
dry,64,keep
kar,64,unreviewed
pendrive,64,keep
dia,63,unreviewed
simple,63,keep
com,63,unreviewed
head,63,keep
ago,63,unreviewed
suitable,63,keep
memory,63,keep
usual,63,unreviewed
dibo,63,mapped
wrap,63,keep
abr,63,unreviewed
opened,63,unreviewed
mein,63,unreviewed
realme,62,keep
faster,62,unreviewed
kothay,62,unreviewed
fastest,62,unreviewed
business,62,keep
kache,62,mapped
finally,62,unreviewed
having,62,unreviewed
showing,62,unreviewed
surprised,62,unreviewed
early,62,mapped
pad,62,keep
thanku,62,mapped
pr,62,unreviewed
toy,62,mapped
pick,62,keep
alhumdulillah,61,mapped
audio,61,keep
broke,61,unreviewed
koto,61,unreviewed
tight,61,unreviewed
earbuds,61,keep
let,61,unreviewed
paice,61,unreviewed
yellow,61,keep
perfume,61,keep
name,60,keep
kicu,60,mapped
ekhon,60,mapped
word,60,unreviewed
kindly,60,unreviewed
connection,60,unreviewed
hocche,60,unreviewed
bright,60,keep
rating,60,unreviewed
later,60,unreviewed
pen,60,keep
sealed,60,unreviewed
hay,60,unreviewed
mai,60,unreviewed
solid,59,keep
slightly,59,unreviewed
ponno,59,unreviewed
glad,59,unreviewed
down,59,keep
strap,59,keep
charged,59,unreviewed
brother,59,unreviewed
pant,59,keep
checked,59,unreviewed
table,59,keep
mila,59,unreviewed
chez,59,unreviewed
waiting,58,unreviewed
korchi,58,mapped
sometimes,58,english
kase,58,mapped
jnno,58,unreviewed
dilen,58,mapped
microphone,58,keep
amk,58,unreviewed
khusi,58,mapped
bolbo,58,mapped
cut,58,keep
rubber,58,keep
under,58,keep
dmart,58,unreviewed
rotten,58,unreviewed
except,57,english
called,57,unreviewed
wait,57,unreviewed
being,57,english
karon,57,mapped
handle,57,keep
arektu,57,unreviewed
moti,57,unreviewed
hoiche,57,mapped
kina,57,unreviewed
sei,57,unreviewed
gets,57,unreviewed
whole,57,keep
match,57,keep
strip,57,keep
professional,57,keep
lekin,57,unreviewed
possible,56,unreviewed
aj,56,mapped
ny,56,unreviewed
into,56,english
notch,56,unreviewed
geche,56,mapped
hot,56,keep
inshallah,56,unreviewed
gud,56,mapped
waterproof,56,keep
soap,56,keep
fridge,56,keep
reached,55,unreviewed
niben,55,mapped
feet,55,keep
stock,55,keep
neta,55,unreviewed
akhono,55,mapped
transfer,55,unreviewed
thats,55,unreviewed
keu,55,unreviewed
purple,55,keep
family,55,keep
stitching,55,keep
electronics,55,keep
frame,55,keep
mbps,55,keep
pari,54,mapped
osadharon,54,mapped
bigger,54,unreviewed
daily,54,keep
dhaka,54,unreviewed
mention,54,unreviewed
hoito,54,unreviewed
scratch,54,keep
korechilam,54,mapped
olpo,54,unreviewed
seal,54,keep
takes,54,unreviewed
dear,54,unreviewed
buttons,54,unreviewed
itself,54,english
nibo,54,mapped
lagche,54,mapped
sole,54,keep
haven't,54,unreviewed
gm,54,keep
band,54,keep
kuch,54,unreviewed
pare,53,unreviewed
saw,53,unreviewed
mind,53,unreviewed
sad,53,unreviewed
payment,53,unreviewed
start,53,unreviewed
kemon,53,mapped
reply,53,unreviewed
korsilam,53,mapped
taw,53,mapped
dilo,53,mapped
elegant,53,keep
lagce,53,mapped
liquid,53,keep
pure,53,keep
ones,53,unreviewed
difference,53,unreviewed
supplier,53,unreviewed
alot,53,unreviewed
stopped,53,unreviewed
onu,53,keep
earlier,53,unreviewed
receiving,53,unreviewed
wasted,53,unreviewed
sooo,53,unreviewed
filter,53,keep
printer,53,keep
cooling,53,keep
mascara,53,keep
han,53,unreviewed
delay,52,unreviewed
onnek,52,unreviewed
pro,52,keep
chai,52,unreviewed
leather,52,keep
cheye,52,unreviewed
kinben,52,mapped
cannot,52,english
korci,52,mapped
keo,52,unreviewed
cloth,52,keep
grip,52,keep
expire,52,unreviewed
believe,52,keep
office,51,keep
hat,51,mapped
someone,51,english
pawa,51,mapped
mas,51,mapped
hopefully,51,unreviewed
temoni,51,mapped
fits,51,unreviewed
posondo,51,unreviewed
appreciated,51,unreviewed
purchasing,51,unreviewed
ab,51,unreviewed
chal,51,unreviewed
sahi,51,unreviewed
problems,50,english
yesterday,50,unreviewed
loud,50,english
paking,50,unreviewed
seta,50,mapped
hesitation,50,unreviewed
osthir,50,mapped
bdt,50,unreviewed
hold,50,unreviewed
smoothly,50,unreviewed
etc,50,keep
especially,50,unreviewed
honestly,50,unreviewed
pin,50,keep
batas,50,unreviewed
chota,50,unreviewed
note,49,keep
minutes,49,english
couldn't,49,unreviewed
upto,49,unreviewed
dorkar,49,unreviewed
website,49,unreviewed
matro,49,unreviewed
sturdy,49,unreviewed
outside,49,unreviewed
shipped,49,unreviewed
unfortunately,49,unreviewed
acceptable,49,unreviewed
akto,49,unreviewed
promised,49,unreviewed
chocolate,49,keep
jemonta,49,mapped
hands,49,keep
courier,49,english
logo,49,unreviewed
clothes,49,keep
celo,49,unreviewed
metal,49,keep
platform,49,unreviewed
hen,49,unreviewed
bhut,49,unreviewed
hrs,48,unreviewed
placed,48,unreviewed
requested,48,unreviewed
purai,48,unreviewed
tu,48,unreviewed
showed,48,unreviewed
run,48,keep
weak,48,unreviewed
lasts,48,unreviewed
iam,48,unreviewed
ur,48,keep
fix,48,unreviewed
donnobad,48,unreviewed
stylish,48,keep
lock,48,keep
glue,48,keep
sharp,48,keep
smells,48,unreviewed
tape,48,keep
shine,48,keep
god,47,keep
kinda,47,unreviewed
sudhu,47,unreviewed
bank,47,keep
prompt,47,unreviewed
nete,47,unreviewed
message,47,unreviewed
disi,47,mapped
away,47,unreviewed
several,47,english
drive,47,keep
thx,47,unreviewed
men,47,keep
collection,47,keep
lowest,47,unreviewed
written,47,unreviewed
kitchen,47,keep
rgb,47,keep
satisfaction,46,unreviewed
bolar,46,unreviewed
powerful,46,keep
ad,46,unreviewed
goes,46,unreviewed
thaka,46,unreviewed
cant,46,english
vanga,46,unreviewed
tak,46,mapped
charges,46,unreviewed
chaisi,46,mapped
guess,46,unreviewed
hisab,46,unreviewed
might,46,english
above,46,english
mene,46,unreviewed
sister,46,unreviewed
shirts,46,unreviewed
bi,46,unreviewed
front,45,keep
percent,45,unreviewed
loving,45,unreviewed
code,45,unreviewed
mane,45,mapped
apnarao,45,mapped
couple,45,keep
tws,45,keep
clock,45,keep
sizes,45,keep
amon,45,unreviewed
longer,45,unreviewed
pillow,45,keep
fair,45,keep
doing,45,unreviewed
rha,45,unreviewed
modde,44,mapped
coming,44,unreviewed
double,44,keep
improved,44,unreviewed
attached,44,unreviewed
porse,44,mapped
feature,44,keep
den,44,unreviewed
thakle,44,mapped
discounted,44,unreviewed
thick,44,english
least,44,english
port,44,keep
kinto,44,unreviewed
tested,44,unreviewed
playing,44,keep
selo,44,unreviewed
ra,44,unreviewed
khushi,44,mapped
wrist,44,keep
jar,44,keep
bike,44,keep
own,44,english
ink,43,keep
modhu,43,unreviewed
ee,43,unreviewed
claim,43,unreviewed
kine,43,unreviewed
mm,43,keep
seller's,43,unreviewed
stay,43,keep
rest,43,unreviewed
gele,43,unreviewed
wishes,43,unreviewed
cotton,43,keep
contact,43,unreviewed
thnks,43,unreviewed
milk,43,keep
oven,43,keep
tool,43,keep
pocha,43,unreviewed
buht,43,unreviewed
mother,42,keep
photos,42,unreviewed
emi,42,unreviewed
kothai,42,unreviewed
compact,42,keep
understand,42,unreviewed
wifi,42,keep
tah,42,unreviewed
mashaallah,42,mapped
delevery,42,mapped
dust,42,keep
ve,42,unreviewed
loss,42,keep
silver,42,keep
bola,42,unreviewed
sobay,42,unreviewed
games,42,keep
between,42,english
tader,42,mapped
alo,42,unreviewed
recently,42,unreviewed
writing,42,keep
screw,42,keep
books,42,keep
ga,42,unreviewed
tasty,42,unreviewed
refrigerator,42,keep
zip,42,keep
liye,42,unreviewed
akti,41,unreviewed
means,41,unreviewed
emon,41,mapped
ba,41,unreviewed
takay,41,unreviewed
setai,41,mapped
connected,41,keep
style,41,keep
felt,41,keep
oi,41,mapped
takar,41,unreviewed
verry,41,unreviewed
form,41,unreviewed
wrapped,41,unreviewed
usage,41,keep
connectivity,41,keep
dial,41,keep
mall,41,keep
hoyese,41,mapped
dui,41,unreviewed
km,41,keep
truly,41,unreviewed
simply,41,unreviewed
meyad,41,unreviewed
huge,41,unreviewed
pages,41,unreviewed
bakwas,41,unreviewed
mb,41,keep
curren,41,keep
bohot,41,unreviewed
bottles,41,unreviewed
lag,40,unreviewed
software,40,keep
capacity,40,keep
stand,40,keep
rough,40,unreviewed
intake,40,unreviewed
monitor,40,keep
tiny,40,unreviewed
convenient,40,keep
friend,40,unreviewed
dekte,40,mapped
mutamuti,40,unreviewed
vendor,40,unreviewed
image,40,english
included,40,unreviewed
